{"cameraMode":{"drawMode":0,"name":"Shaded","section":"Shading Mode"},"sceneLighting":true,"audioPlay":false,"sceneViewState":{"m_AlwaysRefresh":false,"showFog":true,"showSkybox":true,"showFlares":true,"showImageEffects":true,"showParticleSystems":true,"showVisualEffectGraphs":true,"m_FxEnabled":false},"in2DMode":false,"pivot":{"x":0.01378987543284893,"y":-0.05133812874555588,"z":0.004959227051585913},"rotation":{"x":-0.22908376157283784,"y":0.4466184079647064,"z":-0.11943609267473221,"w":-0.8566278219223023},"size":0.08071311563253403,"orthographic":false}