{"cameraMode":{"drawMode":0,"name":"Shaded","section":"Shading Mode"},"sceneLighting":false,"audioPlay":false,"sceneViewState":{"m_AlwaysRefresh":false,"showFog":true,"showSkybox":false,"showFlares":true,"showImageEffects":true,"showParticleSystems":true,"showVisualEffectGraphs":true,"m_FxEnabled":false},"in2DMode":false,"pivot":{"x":-0.7327715754508972,"y":0.817389190196991,"z":-0.18029549717903138},"rotation":{"x":0.006326037459075451,"y":-0.9910690188407898,"z":0.05089633911848068,"w":0.1231306791305542},"size":0.2553582191467285,"orthographic":false}