{"cameraMode":{"drawMode":0,"name":"Shaded","section":"Shading Mode"},"sceneLighting":false,"audioPlay":false,"sceneViewState":{"m_AlwaysRefresh":false,"showFog":true,"showSkybox":false,"showFlares":true,"showImageEffects":true,"showParticleSystems":true,"showVisualEffectGraphs":true,"m_FxEnabled":false},"in2DMode":false,"pivot":{"x":-0.5875606536865234,"y":0.674541175365448,"z":1.0832438468933106},"rotation":{"x":-0.18121923506259919,"y":-0.31193891167640688,"z":0.060740724205970767,"w":-0.9306864738464356},"size":0.6679964065551758,"orthographic":false}